feature	metadata	value	coef	stderr	pval	qval	base.model	tweedie.index	N	N.not.zero	percent.zero
CDKL1	Bloody_Swab	Yes	2.0832511293232	0.397112947637917	2.46559588717386e-06	0.00592236132099161	CPLM	1.227	58	20	66
ASXL1	Bloody_Swab	Yes	1.64163483069338	0.337130838997873	9.54281200482232e-06	0.0114609172177916	CPLM	1.01	58	21	64
